"sep=;";;;
Body Region;Procedure (Order As);Reason for Exam;CPT Code
<u>BREAST</u>:<br>AUTOMATED BREAST ULTRASOUND/ABUS (AGE: 30 OR GREATER);US Screening Auto Whole Breast Bil -MRS<br>US Screening Auto Whole Breast Lt -MRS<br>US Screening Auto Whole Breast Rt -MRS;Dense Breasts diagnosed at Screening Mammogram;AWBUS<br><i>(Always ordered bilaterally)</i>
<u>BREAST</u>:<br>DIAGNOSTIC MAMMOGRAM AND TARGETED BREAST ULTRASOUND OF THE AFFECTED SIDE (AGE: 30 OR GREATER);MA Mammo Diag w Tomo Bil - MRS<br>MA Mammo Diag w Tomo Implt Bil - MRS<br>MA Mammo Diag w Tomo Implt Lt - MRS<br>MA Mammo Diag w Tomo Implt Rt - MRS<br>MA Mammo Diag w Tomo Lt - MRS<br>MA Mammo Diag w Tomo Rt - MRS<br>US Breast Ltd Lt - MRS<br>US Breast Ltd Rt - MRS<br>US Breast Ltd Bilat - MRS;Focal Pain or Focal Abnormality;<u>3D/Tomo Mammo</u> 77061 unilat<br><br>77062 bilat<br><br><u>Ultrasound</u> 76642 Unilat/Bilat
<u>BREAST</u>:<br>MAMMOGRAM SCREENING (AGE: 30 OR GREATER);MA Mammo Screening w Tomo Bil - MRS<br>MA Mammo Screening w Tomo Impl Bil - MRS<br>MA Mammo Screening w Tomo Implt Lt - MRS<br>MA Mammo Screening w Tomo Implt Rt - MRS<br>MA Mammo Screening w Tomo Lt - MRS<br>MA Mammo Screening w Tomo Rt - MRS;Screening, Asymptomatic, Nonfocal symptoms such as Diffuse Breast Pain or Diffuse Lumpiness;77063
<u>BREAST</u>:<br>STEREOTACTIC BREAST BIOPSY, ULTRASOUND GUIDED BREAST BIOPSY;US Bx Breast 1st Lesion Lt - MRS<br>US Bx Breast 1st Lesion Rt - MRS<br>US Bx Lymph Node Super - MRS<br>US Aspiration Cyst Breast 1st - MRS<br>MA Breast Bx Stereo Perc Lt - MRS<br>MA Breast Bx Stereo Perc Rt - MRS<br>MR Bx Breast 1st Lesion Lt - MRS<br>MR Bx Breast 1st Lesion Rt - MRS;Birads 4 on prior Breast Imaging Exam;Stereo 19081 unilat<br><br>US Bx 19083 unilat<br><br>US Bx Lymph 38505 unilat<br><br>US Asp 19000 unilat<br><br>MR Breast Bx 19085
<u>BREAST</u>:<br>TARGETED BREAST ULTRASOUND FOR EACH AFFECTED SIDE (AGE: LESS THAN 30);US Breast Ltd Lt - MRS<br>US Breast Ltd Rt - MRS<br>US Breast Ltd Bilat - MRS;Focal Pain or Focal Abnormality;76642 unilat
ABDOMEN (KUB);XR Abdomen AP;AP view only;74018
ABDOMEN WITH LIVER ELASTOGRAPHY;US Abdomen Comp w Liver Elast<br>US Abdomen Ltd w Liver Elast;Liver Disease, Liver Fibrosis, Cirrhosis;76700 Comp<br>76981 Ltd
ABDOMEN, INGUINAL CANAL, GROIN;US Abdomen Limited;Inguinal Hernia, Mass, Lymphadenopathy, RLQ Pain, RUQ Pain, Appendicitis, Assess Gallbladder Bile Ducts, Splenomegaly;76705
ABDOMEN, PELVIS, EXTREMITY;CT Angio Aorta with Runoff;Peripheral Artery Disease, Lower Extremity Claudication, Abnormal ABI;75635
ABDOMEN, PELVIS, VASCULAR;<u>Order 4 Exams</u>:<br>MR Angio Abdomen wo+w Con<br>MR Angio Pelvis wo+w Con<br>MR Angio Lower Extrem wo+w Con Lt<br>MR Angio Lower Extrem wo+w Con Rt;Peripheral Vascular Disease, Claudication, Peripheral Runoff, (ONLY if CT unavailable or contraindicated);<u>Order 4 Exams</u>:<br>74185<br>72198<br>73725<br>73725
ABDOMEN, PELVIS;<u>Order MR Enterography or Order 2 Exams</u>:<br>MR Abdomen wo+w Con<br>MR Pelvis wo+w Con;Crohn's Disease, Inflammatory Bowel Disease, Celiac Disease, Anemia with suspected Small Bowel Mass, Bowel Tumor, Stricture, Fistula, Capsule Enterography;<U>Order 2 Exams</u>:<br>74183<br>72197
ABDOMEN, PELVIS;CT Abdomen wo+w IV Con;Abnormal Ultrasound or MRI Findings, Liver Mass, Complex Renal Cyst, Hematuria, Cirrhosis, Hepatitis, Renal Mass, Post Tumor Ablation or Embolization, Pancreatic Mass, Adrenal Mass, (Multiphase Liver, CT Renal Mass Protocol, Pancreas Protocol, Adrenal Protocol)<br><br><i>Additional pelvic imaging can be performed upon request</i>;74170<br>74178
ABDOMEN, PELVIS;CT Abdomen+Pelvis w IV Con;Mass, Adenopathy, Cancer Staging, Abdominal Pain, Pelvic Pain, Lymphoma, Nausea, Vomiting, Diarrhea, Bloody Stools, Jaundice, Infection, Abscess, Diverticulitis, Diverticulosis, Weight Loss, Constipation, Metastasis Appendicitis, Colitis, Crohns, Ulcerative Colitis, IBD, Bowel Obstruction, Abdominal Wall Hernia;74177
ABDOMEN, PELVIS;CT Abdomen+Pelvis wo IV Con;Renal Stone, Urinary Tract Stones or Obstruction, Renal Colic, Flank Pain, Urinary Frequency, Hematuria, Dysuria, Retroperitoneal Hematoma, Renal Insufficiency Patients;74176
ABDOMEN, PELVIS;CT Angio Abd/Pelvis wo+w Con;Abdominal Aortic Dissection, Aneurysm, AAA, Post Aortic Stent Graft, Mesenteric Ischemia, Renal Artery Stenosis, Abnormal Ultrasound;74174
ABDOMEN, PELVIS;CT Angio Abdomen+Pelvis w Con;Mesenteric or Renal Artery Stenosis, Aortic Dissection, Aortic Aneurysm, DIEP Flap/Pre-op Breast Reconstruction;74174
ABDOMEN, PELVIS;CT Angio Abdominal Aorta;Abdominal Aortic Aneurysm, Pre-surgical Endovascular Evaluation, Renal Artery Stenosis, Mesenteric Artery Stenosis, Thrombosis, Dissection, Vasculitis, Vasculopathy, GI Bleed, DIEP Flap Pre-surgical;74174
ABDOMEN, PELVIS;CT Enterography;Crohn's Disease or Suspected Crohn's Disease, Inflammatory Bowel Disease, Small Bowel Tumor, Stricture, Fistula, Anemia of Indeterminate Etiology;74177
ABDOMEN, PELVIS;CT Urogram;Hematuria, hydronephrosis, transitional cell carcinoma, Post-surgical evaluation, UPJ obstruction, Abnormal Cystogram, suspected renal or ureteral or bladder mass;74178
ABDOMEN, VASCULAR, AORTA;MR Angio Abdomen wo+w Con;AAA (abdominal aortic aneurysm), Pre-op Kidney Transplant, Uncontrolled Blood Pressure, Malignant Renovascular HTN, Renal Artery Aneurysm, Dissection or Stenosis, Hypertension, Fibromuscular Dysplasia, Mesenteric Ischemia, Venous Thrombosis, AVM (arteriovenous malformation), MRV Venous;74185
ABDOMEN;CT Abdomen w IV Con;Abdominal Pain, Abnormal Ultrasound, Neoplasm/Mass, Infection, Weight Loss, Hernia, Pancreatic Lesion, Elevated LFT, Pseudocyst, Pancreatitis, Follow Up Renal Cancer, S/P Nephrectomy;74160
ABDOMEN;CT Abdomen wo IV Con;Renal Insufficiency patients, Cholelithiasis, Adrenal Tumor;74150
ABDOMEN;CT Angio Abdomen w Con;Renal Artery Stenosis, Aneurysm;74175
ABDOMEN;CT Angio Abdomen wo+w Con;Abdominal Aortic Dissection, Aneurysm, Renal Artery Stenosis, Abnormal Ultrasound, Mesenteric Ischemia, Status Post Aortic Stent Graft Placement;74175
ABDOMEN;MR Abdomen wo+w Con;Adrenal Mass, Renal Mass, Liver Mass, Cirrhosis, Pancreatic Mass, Painless Jaundice, Indeterminate Mass on CT or Ultrasound, Presurgical Evaluation, Post-embolization or Ablation Follow Up, Hematuria, Abdominal Pain, Tumor, Cancer, Mets;74183
ABDOMEN;MR Angio Abdomen w Runoff;Runoff MRA, Claudication, Lower Extremity pain, PAD (peripheral artery disease);C8900
ABDOMEN;MR MRCP wo Con;MRCP (Biliary and Pancreatic Ducts), Choledocholithiasis, Biliary Tract Stone, Biliary Dilatation or Obstruction, Congenital Biliary Abnormality, Choledochal Cyst, Sclerosing Cholangitis, Primary Biliary Cirrhosis, Painless Jaundice, Pre-liver Transplant;74181
ABDOMEN;US Abdomen Complete;Abdominal Pain, Epigastric Pain, Abnormal Liver Function Tests, Liver Mass, Hepatitis, Cirrhosis, Splenomegaly, Ascites;76700
ABDOMEN;XR Abdomen AP + Decub + Erect 3 Views<br>XR Abdomen AP + Decub or Erect 2 Views;AP included decubitus and/or erect views;74020
ABDOMEN;XR Abdomen AP Oblique Cone;AP and oblique and coned views;74019
ABDOMINAL AORTA SCREENING;US AAA Screening;Screening Study for Abdominal Aorta Aneurysm (AAA), Asymptomatic patient;76706
ABDOMINAL DOPPLER;US Vasc Dplx Ab/Pel/Ret Comp;Please indicate on order which Abdominal Vascular Evaluation we are to perform (TIPS Patency, Heptatoportal Venous system or Liver Transplant);93975
ACROMIOCLAVICULAR JOINTS;XR AC Jnts Wo or W Weights;Bilateral;73050
AORTA ONLY (NON-SCREENING);US Retroperitoneal Ltd;Known Abdominal Aorta Aneurysm (AAA) Follow Up, Symptomatic of AAA (e.g., abdominal bruit, pulsatile, abdominal mass);76775
ARTHROGRAPHY, EXTREMITY;<u>Order specific body part</u>:<br>MR Shoulder w Con Lt<br>MR Shoulder w Con Rt<br>MR Elbow w Con Lt<br>MR Elbow w Con Rt<br>MR Wrist w Con Lt<br>MR Wrist w Con Rt<br>MR Hip w Con Lt<br>MR Hip w Con Rt<br>MR Knee w Con Lt<br>MR Knee w Con Rt.<br><br><u>Must order injection procedure code and fluoroscopy study as well.</u><br>XR Guide NDL Fluor Plc Asp/Inj Joint<br><br><i>(Exams are intra-articular contrast injections)</i>;Postoperative Rotator Cuff or Labral evaluation of Shoulder, Inconclusive conventional MRI for loose bodies in Elbow, Inconclusive conventional MRI for TFCC (triangular fibrocartilage complex) tear of Wrist, Inconclusive Meniscus Evaluation, Postoperative Hip or Inconclusive conventional MRI Hip done previously;MR Lower 73722<br><br>MR Upper 73222<br><br>Fluoro 77002<br><br>Inj 23350
ARTHROGRAPHY, EXTREMITY;XR Arthrogram Ankle Lt<br>XR Arthrogram Ankle Rt;Ankle;73615
ARTHROGRAPHY, EXTREMITY;XR Arthrogram Elbow Lt<br>XR Arthrogram Elbow Rt;Elbow;73085
ARTHROGRAPHY, EXTREMITY;XR Arthrogram Hip Bil<br>XR Arthrogram Hip Lt<br>XR Arthrogram Hip Rt;Hip;73525
ARTHROGRAPHY, EXTREMITY;XR Arthrogram Knee Bil<br>XR Arthrogram Knee Lt<br>XR Arthrogram Knee Rt;Knee;73580
ARTHROGRAPHY, EXTREMITY;XR Arthrogram Wrist Lt<br>XR Arthrogram Wrist Rt;Wrist;73115
ARTHROGRAPHY, SHOULDER;XR Arthrogram Shoulder Bil<br>XR Arthrogram Shoulder Lt<br>XR Arthrogram Shoulder Rt;Shoulder;73040
AXILLA, ARM PIT, EXTREMITY (NON BREAST);US Extrem Non Vasc Ltd Lt<br>US Extrem Non Vasc Ltd Rt;Any age male axillary symptom. Lymphadenopathy, Abscess, Cellulitis Lump, Extremity Mass, Swelling, Popliteal or Baker's Cyst, Bursitis;76882
BLADDER ONLY;US Retroperitoneal Ltd;Post Void Residual;76775
BONE, DEXA;XR Bone Density - Axial;Osteoporosis, Osteopenia, Disorders of Bone Density and Structure;77080
BONE, DEXA;XR Bone Density DXA Axial w VertFx Asmt;Vertebral Fracture;77085
BRAIN, HEAD;MR Brain wo Con;Alzheimer's, Dementia, Memory Loss, Altered mental status, Confusion, Headache without focal symptoms, Seizures (children) Stroke, Traumatic Brain injury, Hydrocephalus, Syncope;70551
BRAIN, HEAD;MR Brain wo+w Con;Cranial Nerve Lesions, Dizziness, Vertigo, Headache with focal symptoms, HIV, IAC Stenosis, Sensorineural Hearing Loss, Infection, Multiple Sclerosis, Neurofibromatosis, Phakomatoses, Neurocutaneous Syndromes, Pituitary Lesion, Elevated Prolactin, Seizures (adult new onset) Tumor, Mass, Cancer, Mets, Vascular Lesions, Vision Changes, Trigeminal Neuralgia;70553
BREAST BIOPSY;MR Bx Breast 1st Lesion Lt - MRS<br>MR Bx Breast 1st Lesion Rt - MRS;Mass, Lesion, Cancer, Mastopathy, Fibrocystic Breast Disease;19085
BREAST;MR Breast wo Con Bil - MRS;Implant Rupture, Implant Evaluation;77047
BREAST;MR Breast wo+w Con Bil - MRS;Abnormal Mammogram, Abnormal Ultrasound, Dense Breast High Risk, Mass, Lesion, Cancer, Palpable Mass, Implant rupture;77049
BUTTOCK;US Extrem Non Vasc Ltd Lt<br>US Extrem Non Vasc Ltd Rt;Palp or lump on buttock area;76882
CAROTIDS, ARTERIES;US Vasc Dplx Extracran Art Bilat Comp;Carotid Stenosis, Dizziness, TIA, Stroke or CVA, Amaurosis Fugax, Carotid Bruit, Atherosclerosis, Syncope;93880
CHEST WALL, UPPER BACK;US Upper Back Soft Tissue;Lump (non breast), Soft Tissue Mass for Chest or Upper Back;76604
CHEST, ABDOMEN, PELVIS;CT Angio Chest+Abd+Pelvis w Con;DaVinci Mitral Valve Replacement, Aortic Dissection, Aortic Aneurysm, Mesenteric Renal Artery Stenosis or Aneurysm;71275<br>74174
CHEST, ABDOMEN, PELVIS;CT Chest+Abdomen+Pelvis w Con;Cancer Staging, Unexplained Weight Loss;71260<br>74177
CHEST, ABDOMEN, PELVIS;CT Chest+Abdomen+Pelvis wo Con;Patients unable to have Contrast<br>Cancer Staging, Unexplained Weight Loss;71250<br>74176
CHEST, ABDOMEN, PELVIS;CT Chest+Abdomen+Pelvis wo+w Con;Dedicated Abdomen (Liver Mass, Pancreatic Mass, Renal Mass, Adrenal Mass) with Chest and Pelvis for potential Metastasis;71260<br>74178
CHEST, ABDOMEN;CT Angio Chest+Abdomen w Con;Evaluation Coarctation of Aorta, Ascending Aortic Dilation, Hypertension;71275<br>74175
CHEST, ABDOMEN;CT Angio Chest+Abdomen wo+w Con;Known or suspected Aortic Dissection, Aortic Aneurysm, Status-post Aortic Stent Graft Placement;71275<br>74175
CHEST, ABDOMEN;CT Chest+Abdomen w Con;Lung Cancer follow up, sometimes Colon Cancer follow up (MR Pelvis ordered at the same time);71260<br>74160
CHEST, ABDOMEN;CT Chest+Abdomen wo Contrast;Patients unable to have Contrast<br>Lung Cancer follow up, Rectal Cancer follow up (MR Pelvis ordered at the same time);71250<br>74150
CHEST, ABDOMEN;CT Chest+Abdomen wo+w Con;Dedicated Abdomen (Liver Mass, Pancreatic Mass, Renal Mass, Adrenal Mass) with Chest for potential Metastasis;71260<br>74170
CHEST, CLAVICLE;MR Clavicle wo Con Lt<br>MR Clavicle wo Con Rt;Pain in Clavicular Joint, Clavicular Asymmetry, Fracture;71550
CHEST, LUNG;CT Chest Low Dose;Pulmonary Nodule follow up;71250
CHEST, LUNG;CT Chest w Con;Cancer, Adenopathy, Pneumonia, Hemoptysis, Pleural Effusion (Exudative), Chest Wall Mass, Abnormal CXR, Cough, Sarcoidosis, Hilar Abnormality, History of Cancer, Tumor, Mets, Neoplasm/Mass Abscess, Enlarged Aortic Arch, Lymphadenopathy;71260
CHEST, LUNG;CT Chest wo Con (High Res);Interstitial Lung Disease, COPD, Bronchiectasis, Sarcoidosis Asbestosis, COVID Follow Up, Fibrosis, Emphysema;71250
CHEST, LUNG;CT Chest wo Con Lung F/U;Short Term follow up (3-9 Months) for current Lung Screening patients;71250
CHEST, LUNG;CT Chest wo Con;Lung Nodule with symptoms or known Cancer, Nonspecific Chest Pain or Dyspnea, Cancer (if patient cannot have IV Contrast), Pleural Effusion (Transudative), Thoracic Aortic Aneurysm, Chronic Cough;71250
CHEST, LUNG;CT Lung Screening;"50-77 yrs old and ≥ 20 pack Yr Smoker and Quit Smoking < 15 yrs ago, Asymptomatic Only<br><a href=""https://drive.google.com/file/d/1RaVEp7DMsxDJrQlIp6FyPoWVRoAtbH9K/view?usp=drive_link"" target=""_blank"">CT Lung Screening Form</a>";71271
CHEST, MEDIASTINUM;MR Chest wo+w Con;Thymic Lesion, Thymoma, Mediastinal Mass, Tumor, Cancer, Mets;71552
CHEST, STERNOCLAVICULAR, SC JOINT;CT Chest wo Con;Fracture, Nonunion, Malunion;71250
CHEST;CT Angio Chest PE Study;Chest Pain, Dyspnea, Hypoxia, Elevated D-Dimer, Known DVT with chest symptoms, Pulmonary Hypertension, Pulmonary Embolism (PE);71275
CHEST;CT Angio Chest w Con;Evaluation or follow up Aortic Aneurysm/Dissection, Coarctation, Abnormal Ascending Aorta;71275
CHEST;CT Angio Chest wo+w Contrast;Evaluation of known Aortic Pathology, Postsurgical Endovascular Evaluation, Subclavian Steal Syndrome, Subclavian Stenosis, Unequal BP in Arms, Prior Thoracic Aortic Stent Graft repair;71275
CHEST;MR Angio Chest wo+w Con;Thoracic Outlet Syndrome, Paget-Schroetter Disease, Subclavian Stenosis;71555
CHEST;MR Brachial Plexus wo+w Con;Brachial Plexus Injury, Nerve Avulsion, Neural Deficit, Preoperative Evaluation of known Intrinsic or Extrinsic Lesions within the Neck, Clavicular region, or Axilla, Tumor, Mass, Cancer, Mets;71552
CHEST;MR Chest wo Con;Sternal Mass, Brachial Plexopathy, Trauma, Injury, Tumor Invasion, Thymic Lesion, Thymoma, Mediastinal Mass;71550
CHEST;XR Chest 1 View AP or PA;Single view;71045
CHEST;XR Chest 2 Views w Apical Lordotic;Two view plus Apical Lordotic;71047
CHEST;XR Chest 2 Views w Obliques;Two view plus Oblique Projections;71048
CHEST;XR Chest 2 Views;Two view, PA and Lateral;71046
CLAVICLE;XR Clavicle Complete Bil<br>XR Clavicle Complete Lt<br>XR Clavicle Complete Rt;Complete;73000
CORONARY, ARTERIES, HEART;CT Cardiac Calcium Scoring wo Con;Evaluate for presence of calcium in Coronary Artery;75571
EYES, ORBITS;XR Eye Foreign Body Bil<br>XR Eye Foreign Body Lt<br>XR Eye Foreign Body Rt;For detection of Foreign Body;70030
FACE, HEAD;CT Maxillofacial w Con;Infection, Swelling, Mass in Face, Tumor, Abscess;70487
FACE, HEAD;CT Maxillofacial wo Con;Trauma, Facial Fracture, Nasal Fracture, Pain, Bony Abnormalities;70486
FACIAL BONES;XR Facial Bones 1-2 Views;Less than 3 views;70140
FACIAL BONES;XR Facial Bones 3+ Views;Complete, 3 views or more;70150
HEAD, BRAIN, ARTERIAL, VASCULAR;MR Angio Head Venous wo Con (MRV);Dural Venous Sinus Thrombosis or Stenosis, Cerebrovascular Disease, Idiopathic Intracranial Hypertension, Positional Headache, Headache/Migraine with family history of Aneurysm, Papilledema, Vascular malformation;70544
HEAD, BRAIN, NECK, ORBIT;MR Orb/Face/Neck wo Con;Grave's Disease, Trauma;70540
HEAD, BRAIN, NECK, ORBIT;MR Orb/Face/Neck wo+w Con;Infection, Pain, Tumor, Mass, Cancer, Mets, Vocal Cord Paralysis, Parotid Gland, Exophthalmos, Proptosis, Pseudotumor, Vascular Lesions, Optic Neuritis, Graves Disease, Exophthalmos, Proptosis, bulging eye;70543
HEAD, BRAIN, ORBIT, TEMPORAL;CT Orbit/Sella/Posterior Fossa w Con;Pseudotumor Mass, Exophthalmos Pain, Abscess, Graves Disease, Cellulitis, Swelling;70481
HEAD, BRAIN, ORBIT, TEMPORAL;CT Orbit/Sella/Posterior Fossa wo Con;Hearing Loss, Cholesteatoma, Congenital Inner Ear Anomaly, Foreign Body, Bony Abnormalities, Preop Cochlear Implant, Trauma;70480
HEAD, BRAIN;CT Angio Head wo+w Con;Stroke, Suspected Aneurysm with Headache, Aneurysm Follow Up, Vascular Malformation, Vascular Injury, Congenital Abnormalities, Vasculitis or Vasculopathy, Dural Venous Sinus Thrombosis;70496
HEAD, BRAIN;MR PIT/POS FOS w+wo Con;Pituitary Adenoma, Sellar Mass, Suprasellar Mass, Amenorrhea, Galactorrhea, Visual Field Defects, Delayed Puberty, Abnormal Growth Rate, Elevated Prolactin, Hyperprolactinemia, Pituitary Lesion;70553
HEAD, FACE;MR TMJ Uni or Bil;Internal TMJ derangement, Clicking in Mandibular Joints, Facial Pain, Decreased range of motion, Jaw Locking, Avascular Necrosis;70336
HEAD, NECK;CT Angio Head+Neck w Contrast;Stroke, TIA, Carotid Stenosis, Sudden or Transient Visual Loss, Vertebrobasilar Insufficiency;70471
HEAD, TEMPORAL;MR IAC wo+w Con;Sensorineural Hearing Loss, Deafness, Acoustic Neuroma (vestibular schwannoma), Dizziness, Tinnitus, Vertigo, Bell's Palsy, Ramsay Hunt Syndrome, Hemifacial Spasm, Cranial Nerve Lesions, IAC (Internal Auditory Canal) Mass;70553
HEAD;CT Head wo Con;Trauma, Headache, CVA, Stroke, Bleed, Alzheimer's, Memory Loss, Confusion, Facial Droop, TIA, Change in Mental Status, Loss of Balance, Syncope, Tinnitus, Vertigo, Dizziness, Shunt Check, Hydrocephalus;70450
HEAD;CT Head wo+w Con;Metastatic Staging, Mass, Tumor, Infection, Abscess, Meningioma, HIV, Headache and Neurologic Sign;70470
HEAD;MR Angio Head wo Con;Cerebrovascular Disease, Idiopathic Intracranial Hypertension, Positional Headache, Headache/Migraine with family history of Aneurysm, Papilledema, Vascular malformation.;70544
HEAD;MR Angio Head wo+w Con;Post Embolization Aneurysm Follow Up;70546
HEART, CHEST, CARDIAC;CT Angio Heart/Coronary Art 3D W Con;Evaluation of the Coronary Arteries, Coronary Artery Disease, Cardiomyopathy, Abnormal ECG, Troponemia;75574
HEART, CHEST, CARDIAC;CT Heart Eval Coronary Ca wo Con;Evaluate for presence of calcium in Coronary Artery, Hyperlipidemia;75571
HEART, CHEST, CARDIAC;CT Heart Struct/Morph Congenital 3D wCon;CHD, Congenital Heart Defects;75573
HIP, PELVIS;XR Hip w Pelvis 1 View Lt<br>XR Hip w Pelvis 1 View Rt;1 view, Unilateral with Pelvis when performed;73501
HIP, PELVIS;XR Hip w Pelvis 2 Views Bilat;2 views, Bilateral with Pelvis when performed;73521
HIP, PELVIS;XR Hip w Pelvis 2-3 Views Lt<br>XR Hip w Pelvis 2-3 Views Rt;2-3 views, Unilateral with Pelvis when performed;73502
HIP, PELVIS;XR Hip w Pelvis 3-4 Views Bil;3-4 views, Bilateral with Pelvis when performed;73522
HIP, PELVIS;XR Hip w Pelvis 4+ Views Lt<br>XR Hip w Pelvis 4+ Views Rt;4 views, Unilateral with Pelvis when performed;73503
HIP, PELVIS;XR Hip w Pelvis 5+ Views Bilat;5 views, Bilateral with Pelvis when performed;73523
INFANT ABDOMEN;US Abdomen Limited;Failure to Gain Weight, Nonbilious Vomiting, Pyloric Stenosis;76705
INFANT BRAIN;US Encephalogram;Abnormal Head Circumference , Venticulomegaly / Hydrocephalus;76506
INFANT HIPS;US Infant Hips Dynamic;Clicking, Dislocation, Laxity, Breech birth;76885
INFANT SPINE;US Spinal Canal+Content;Assessing Spinal Abnormalities in Infant , Sacral Dimples , Hair Tufts, or Skin Tags;76800
INTERVENTIONAL RADIOLOGY (IR);US Inj Sclerosing Sol Multi Inj Same Vn;Sclerotherapy after Vein Consult;36471
INTERVENTIONAL RADIOLOGY (IR);XR Ablation RF Extrem Vein 1st;RFA Procedure after Vein Consult;36475
INTERVENTIONAL RADIOLOGY (IR);XR Endoven therapy adhesive 1st;Venaseal Procedure after Vein Consult;36482
INTERVENTIONAL RADIOLOGY (IR);XR Ins PICC wo Sub/Po 5+ Yrs w Imaging;PICC Placement;36573
INTERVENTIONAL RADIOLOGY (IR);XR Ins Tun CVD w Sub/Po >5;Port Placement;36561
INTERVENTIONAL RADIOLOGY (IR);XR Remove Tunneled CVAD w Port/Pump;Port Removal;36590
JOINT INJECTION;XR Guide Ndl Fluoro Plc Asp/Inj Joint;For Aspiration or Steroid Injection, Bakers Cyst Aspiration, any Joint under Fluoroscopy;77002
LOWER EXTREMITY;<u>Order specific body part</u>:<br>CT Foot w Con Lt<br>CT Foot w Con Rt<br>CT Ankle w Con Lt<br>CT Ankle w Con Rt<br>CT Tib-Fib w Con Lt<br>CT Tib-Fib w Con Rt<br>CT Knee w Con Lt<br>CT Knee w Con Rt<br>CT Femur w Con Lt<br>CT Femur w Con Rt<br>CT Hip w Con Lt<br>CT Hip w Con Rt;Infection, Tumor, Mass, Cancer, Mets;73701
LOWER EXTREMITY;<u>Order specific body part</u>:<br>CT Foot wo Con Lt<br>CT Foot wo Con Rt<br>CT Ankle wo Con Lt<br>CT Ankle wo Con Rt<br>CT Tib-Fib wo Con Lt<br>CT Tib-Fib wo Con Rt<br>CT Knee wo Con Lt<br>CT Knee wo Con Rt<br>CT Femur wo Con Lt<br>CT Femur wo Con Rt<br>CT Hip wo Contrast Lt<br>CT Hip wo Contrast Rt;Fracture, Fusion, Nonunion, Malunion, Arthritis;73700
LOWER EXTREMITY, INFANT;XR Lower Extrem Infant 2+ Views Bil<br>XR Lower Extrem Infant 2+ Views Lt<br>XR Lower Extrem Infant 2+ Views Rt;Infant, minimum 2 views;73592
LOWER EXTREMITY, JOINT;<u>Order specific body part</u>:<br>MR Hip wo Con Lt<br>MR Hip wo Con Rt<br>MR Knee wo Con Lt<br>MR Knee wo Con Rt<br>MR Ankle wo Con Lt<br>MR Ankle wo Con Rt;Arthritis, AVN (avascular necrosis), Fracture, Stress Fracture, Internal Derangement, Joint Pain (specify joint), Labral Tear, Muscle Tear, Tendon Tear, Ligament Tear, Cartilage Tear, Osteochondritis Dissecans (OCD);73721
LOWER EXTREMITY, JOINT;<u>Order specific body part</u>:<br>MR Hip wo+w Con Lt<br>MR Hip wo+w Con Rt<br>MR Knee wo+w Con Lt<br>MR Knee wo+w Con Rt<br>MR Ankle wo+w Con Lt<br>MR Ankle wo+w Con Rt;Abscess, Ulcer, Cellulitis, Fasciitis, Myositis, Inflammatory Arthritis, Osteomyelitis, Septic Arthritis, Tumor, Mass, Cancer, Mets;73723
LOWER EXTREMITY;<u>Order specific body part</u>:<br>MR Femur/Thigh wo Con Lt<br>MR Femur/Thigh wo Con Rt<br>MR Tib/Fib wo con Lt<br>MR Tib/Fib wo con Rt<br>MR Foot wo Con Lt<br>MR Foot wo Con Rt;Fracture, Stress Fracture, Muscle Tear, Tendon Tear;73718
LOWER EXTREMITY;<u>Order specific body part</u>:<br>MR Femur/Thigh wo+w Con Lt<br>MR Femur/Thigh wo+w Con Rt<br>MR Tib/Fib wo+w con Lt<br>MR Tib/Fib wo+w con Rt<br>MR Foot wo+w Con Lt<br>MR Foot wo+w Con Rt;Abscess, Ulcer, Bone Tumor, Mass, Cancer, Mets, Cellulitis, Fasciitis, Myositis, Morton's Neuroma, Osteomyelitis, Soft Tissue Tumor, Mass;73720
LOWER EXTREMITY;XR Ankle 2 Views Bil<br>XR Ankle 2 Views Lt<br>XR Ankle 2 Views Rt;2 views;73600
LOWER EXTREMITY;XR Ankle 3+ Views Bil<br>XR Ankle 3+ Views Lt<br>XR Ankle 3+ Views Rt;Complete, 3 views or more;73610
LOWER EXTREMITY;XR Calcaneus 2+ Views Bil<br>XR Calcaneus 2+ Views Lt<br>XR Calcaneus 2+ Views Rt;Minimum 2 views;73650
LOWER EXTREMITY;XR Femur 1 View Lt<br>XR Femur 1 View Rt;1 view;73551
LOWER EXTREMITY;XR Femur 2+ Views Bil<br>XR Femur 2+ Views Lt<br>XR Femur 2+ Views Rt;2 views;73552
LOWER EXTREMITY;XR Foot 2 Views Bil<br>XR Foot 2 Views Lt<br>XR Foot 2 Views Rt;2 views;73620
LOWER EXTREMITY;XR Foot 3+ Views Bil<br>XR Foot 3+ Views Lt<br>XR Foot 3+ Views Rt;Complete, 3 views or more;73630
LOWER EXTREMITY;XR Knee 1-2 Views Bil<br>XR Knee 1-2 Views Lt<br>XR Knee 1-2 Views Rt;1-2 views;73560
LOWER EXTREMITY;XR Knee 3 Views Bil<br>XR Knee 3 Views Lt<br>XR Knee 3 Views Rt;3 views;73562
LOWER EXTREMITY;XR Knee 4+ Views Bil<br>XR Knee 4+ Views Lt<br>XR Knee 4+ Views Rt;Complete, 4 views or more;73564
LOWER EXTREMITY;XR Knees Standing AP Bil;AP standing, bilateral;73565
LOWER EXTREMITY;XR Tibia+Fibula 2 Views Bil<br>XR Tibia+Fibula 2 Views Lt<br>XR Tibia+Fibula 2 Views Rt;2 views;73590
LOWER EXTREMITY;XR Toe 2+ Views Bil<br>XR Toe 2+ Views Lt<br>XR Toe 2+ Views Rt;Minimum 2 views;73660
LOWER EXTREMITY, VENOUS, VASCULAR;US Vasc Dplx Ven Low Ext Bil Insuff<br>US Vasc Dplx Ven Low Ext Lt Insuff<br>US Vasc Dplx Ven Low Ext RT Insuff;Venous Insufficiency (NO DVT CONCERN);93970 Bil<br>93971 Uni
LOWER EXTREMITY, VASCULAR;US Vasc Dplx Ven Low Ext Bil<br>US Vasc Dplx Ven Low Ext Lt<br>US Vasc Dplx Ven Low Ext Rt;DVT, Leg Swelling, Pulmonary Embolism, Elevated D-Dimer;93970 Bil<br>93971 Uni
LOWER EXTREMITY, VASCULAR;US Vasc Pseudoaneurysm Low Ext Lt<br>US Vasc Pseudoaneurysm Low Ext Rt;Palp/pain after arterial puncture or trauma;93926
MSK EXTREMITY, EXTREMITIES;US Extrem Non Vasc Comp Lt<br>US Extrem Non Vasc Comp Rt;Tendon tears, or tendonitis of the rotator cuff in the shoulder, Achilles tendon in the ankle and other tendons throughout the body, Muscle tears, Ligament sprains or tears, Nerve entrapments such as carpal tunnel syndrome;76881
MANDIBLE;XR Mandible 1-3 Views;Partial, less than 4 views;70100
MANDIBLE;XR Mandible 4+ Views;Complete, 4 views or more;70110
NASAL BONES;XR Nasal Bones 3+ Views;3 views or more;70160
NECK, THYROID;US Soft Tissue Head+Neck;Thyroid Nodule, Cyst, Mass, Thyroid Enlargement or Thyromegaly, Hyperparathyroidism, Disorder of Parathyroid Gland, Abnormal Thyroid Function Tests, Thyroiditis, Hyperthyroidism, Hypothyroidism, Neck Swelling, Lymphadenopathy, Neck Mass or Lump;76536
NECK;CT Angio Neck w Con;Carotid Stenosis, Trauma, Fibromuscular Dysplasia, Aneurysm;70498
NECK;CT Soft Tissue Neck w Con;Mass, Cancer Staging or Followup, Infection, Salivary Tract Inflammation, Dysphagia, Hoarseness, Vocal Cord Dysfunction, Upper Airway Obstruction, Focal Mass, Lymphadenopathy, Lymphoma, Goiter, Esophageal Cancer;70491
NECK;CT Soft Tissue Neck w Con;Mass, Cancer Staging or Followup, Infection, Salivary Tract Inflammation, Dysphagia, Hoarseness, Vocal Cord Dysfunction, Upper Airway Obstruction;70491
NECK;CT Soft Tissue Neck wo Con;Salivary Gland Stone, Parotid Stone;70490
NECK;CT Soft Tissue Neck wo+w Con;Submandibular Stone, Parotid Stone with Associated Infection/Inflammation, Parathyroid Adenoma;70492
NECK;MR Angio Neck wo+w Con;Carotid Stenosis, Stroke, Vertebrobasilar Insufficiency, Fibromuscular Dysplasia, Peripheral Vascular Disease, Sudden or Transient Visual Loss, SSS (subclavian steal syndrome);70549
NECK;XR Neck Soft Tissue;Soft Tissue;70360
OB FIRST TRIMESTER FETAL NUCHAL TRANSLUCENCY;US Preg Nuchal Transl 1st;Fetal Abnormalities, Exam to be performed at Fetal Age between 11 weeks to 13 weeks 6 days;76813
OB FIRST TRIMESTER PREGNANCY (INCLUDES TRANSVAGINAL);US Preg <14 Wks/Transvag;Less Than 14 weeks, First Trimester, Viability/Dating, Bleeding/Pain, Ectopic Pregnancy;76801<br>76817
OB SECOND OR THIRD TRIMESTER LIMITED;US Preg 1 or > Fetuses Ltd;No Prior ultrasound Available: Fetal Heart Rate, Placental Location, Fetal Position, Cervical/Cervix Length and Amniotic Fluid Volume (AFI) , Estimated Fetal Weight (EFW) / Dating.;76815
OB SECOND OR THIRD TRIMESTER FOLLOW-UP;US Preg Follow Up per Gest;Reevaluation following a prior ultrasound, Including Fetal Heart Rate, Placental Location, Fetal Position and Amniotic Fluid Volume (AFI), Estimated Fetal Weight (EFW), Interval Growth, Re-eval of Organ (if indicated) Cervical/Cervix Length, Additional views needed after three weeks from prior scan<br>WHEN RE-EVALUATING LOW LYING PLACENTA AND OR CERVICAL LENGTH PLEASE INCLUDE AN ADDITIONAL ORDER FOR: US Preg Transvag;76816<br>76817 (If Transvag needed)
OB, OBSTETRICAL ASSESSMENT, OB FETAL ANATOMY ASSESSMENT, Detailed;US Preg =>14 Wks Sgl or 1st Gest;Greater than 14 weeks 2nd or 3rd Trimester, 18-22 weeks OB Screening for: Fetal Anatomic Survey (FAS);<u>US Preg >= 14 Wks</u><br>76805<br>
ORBITS, OPTIC;XR Optic Foramina;;70190
ORBITS;XR Orbits 4+ Views;Complete, 4 views or more;70200
PELVIS - FEMALE (INCLUDES TRANSVAGINAL / PREFERRED EXAM TO FULLY EVALUATE THE PELVIS);US Pelvic Non OB w Trans Vag;Pelvic pain, mass, dyspareunia, endocrine issues (e.g., PCOS), dysmenorrhea, amenorrhea, AUB, post-menopausal bleeding, delayed menses, infertility, signs of infection, follow-up of prior abnormality (e.g. ovarian / ovary cyst) , IUD localization, malignancy surveillance in high-risk patients, incontinence or prolapse, guidance for procedures, and pre/post-operative evaluation. Patients without contraindication to transvaginal imaging;76856<br>76830
PELVIS - FEMALE (DOES NOT INCLUDE TRANSVAGINAL);US Pelvic Non OB;For with patients with contraindication for Transvaginal Exam: Pelvic pain, mass, dyspareunia, endocrine issues (e.g., PCOS), dysmenorrhea, amenorrhea, AUB, post-menopausal bleeding, delayed menses, infertility, signs of infection, follow-up of prior abnormality (e.g. ovarian / ovary cyst) , IUD localization, malignancy surveillance in high-risk patients, incontinence or prolapse, guidance for procedures, and pre/post-operative evaluation.;76856
PELVIS - MALE;US Pelvic Non OB;Pelvic Pain, Urinary Bladder, Prostate (Transabdominal approach), Seminal Vesicles, Pelvic Pathology;76856
PELVIS, CYSTOGRAM;CT Pelvis wo IV Con;Cystographic Contrast Only, Bladder Rupture, Bladder Repair, Bladder Fistula;72192
PELVIS, CYSTOGRAM;CT Pelvis wo+w IV Con;Cystographic Contrast Only, Bladder Rupture, Bladder Repair, Bladder Fistula, Bladder Mass, Bladder Cancer;72194
PELVIS;CT Angio Pelvis w Con;Pelvic Deep Vein Thrombosis, Specific Surgical Prep;72191
PELVIS;CT Angio Pelvis wo+w Con;Specific Surgical Prep;72191
PELVIS;CT Pelvis w IV Con;Arthritis, Cancer Staging, Pelvic Mass, Cysts, Pain, Infection, Pelvic Abscess;72193
PELVIS;CT Pelvis wo IV Con;Fracture, Nonunion, Inguinal Hernia;72192
PELVIS;MR Angio Pelvis wo+w Con;AVM (arteriovenous malformation), May-Thurner Syndrome, Pelvic Congestion, Femoral Arteries;72198
PELVIS;MR Defecography;Rectum Prolapse, Constipation, Rectocele, Uterine Prolapse, Straining;72195
PELVIS;MR Pelvis wo Con;Fracture, Muscle Tear, Tendon Tear, Sports Hernia, Lower Abdominal Muscle Strain, Adductor Strain;72195
PELVIS;MR Pelvis wo+w Con;Uterine Fibroids, Adenomyosis, Endometrioma, Staging or Follow Up of Uterine Cancer, Endometrial Cancer or Cervical Cancer, Ovarian Adnexal Mass or Cyst, Vaginal Cyst, Vaginal Mass, Abnormal or indeterminate CT or Ultrasound Findings, Mullerian Duct Anomaly, Urethral Diverticulum, Bladder Mass, Prostate Cancer With Clinically Suspected Extracapsular or Invasive Disease, Rectal Cancer, Anal Cancer Staging or Follow Up, Perirectal Perianal Fistula or Abscess, Osteomyelitis, Septic Arthritis, Tumor, Mets, Decubitus Ulcer;72197
PELVIS;MR Prostate wo+w Con;Elevated PSA, Prostate Cancer;72197
PELVIS;XR Pelvis 1-2 Views;1-2 views;72170
PENILE;US Pelvic non OB ltd or Follow Up;Suspected Peyronie's Disease , painful penile thickening/scar sometimes with deformity (bend or shortening);76857
PET, BRAIN;PET/CT Brain Metabolic Evaluation;Metabolic Evaluation, Seizure Evaluation, Alzheimer's Disease, Frontotemporal Dementia;78608
PET, HEART, CARDIAC;PET Myocard Metabolic Sarcoidosis DHAI;Inflammation, Cardiac Sarcoidosis;78459
PET, HEART, CARDIAC;PET Myocard Metabolic Viability DHAI;Evaluate Myocardial Viability;78459
PET, LUNG;PET/CT Skull Mid Thigh F/U CT Lung;Follow Up to ACR Lung Screening Lung Rads 4A, 4B, 4X;78815
PET, NETSPOT;PET/CT Skull to Mid Thigh NETSPOT<br>Ga-68 Dotatate A9587x54;Well Differentiated Neuroendocrine Tumors;78815
PET, PSMA;PET/CT Skull to Mid Thigh F-18 PSMA<br>Pylarify A9595x9;Prostate Cancer;78815
PET, SKULL TO MID THIGH;PET/CT Tumor Skull Mid-Thigh Initial<br>PET/CT Tumor Skull - Mid Thigh Subsequent<br>FDG Dose A9552;Malignancy vs Benign Malignancy Staging/Restaging, Differentiating Recurrent or Residual Disease from Therapy Induced Changes, Monitoring the Response to Therapy;78815
PET, WHOLE BODY;PET/CT Whole Body Initial<br>PET/CT Whole Body Subsequent<br>FDG Dose A9552;Melanoma Sarcoma, Multiple Myeloma, Merkel Cell Carcinoma, Osteosarcoma;78816
RENAL ARTERIES;US Vasc Dplx Ab/Pel/Ret Comp;Renovascular Hypertension, Renal Artery Stenosis, Severe Hypertension;93975
RETROPERITONEUM KIDNEYS, BLADDER, AORTA, SVC, IVC, NODES;US Retroperitoneal Complete;Renal Mass, UTI, Renal Insufficiency or Failure, Renal Colic or Flank Pain, Bladder Mass, Hematuria, Cystitis, Kidneys and Bladder;76770
RIBS;XR Ribs 2 Views Lt<br>XR Ribs 2 Views Rt;Unilateral, 2 views;71100
RIBS;XR Ribs 3 Views Bil;Bilateral, 3 views;71110
RIBS;XR Ribs w PA Chest 3+ Views Lt<br>XR Ribs w PA Chest 3+ Views Rt;Unilateral, 2 views including PA Chest;71101
RIBS;XR Ribs w PA Chest 4+ Views Bil;Bilateral, including PA Chest, minimum of 4 views;71111
SACROILIAC JOINTS;XR SI Jnts 3+ Views;3 views or more;72200
SACRUM, COCCYX;XR Sacrum+Coccyx 2+ Views;2 views or more;72220
SALIVARY GLAND;XR Salivary Gland;Check for calculus;70380
SCAPULA;XR Scapula Complete Bil<br>XR Scapula Complete Lt<br>XR Scapula Complete Rt;Complete;73010
SCROTUM, TESTICLES;US Scrotum;Scrotal or Testicular Mass, Scrotal or Testicular Pain or Torsion, Scrotal Swelling;76870
SHOULDER;XR Shoulder 2+ Views Bil<br>XR Shoulder 2+ Views Lt<br>XR Shoulder 2+ Views Rt;Minimum 2 views;73030
SINUS, HEAD;CT Sinus wo Con;Sinusitis, Sinonasal Polyposis, Pre or Post-surgical Evaluation;70486
SINUSES;XR Sinuses 3+ Views;Complete, 3 views or more;70220
SINUSES;XR Sinuses 1-2 Views;1-2 views;70210
SKULL, HEAD, BRAIN;XR Sella Turcica;;70240
SKULL, HEAD;XR Skull 1-3 Views;Less than 4 views;70250
SKULL, HEAD;XR Skull 4+ Views;Complete, 4 views or more;70260
SPINE, CERVICAL;CT C Spine w Con;Inflammatory Arthritis, Discitis Osteomyelitis, Epidural Abscess, Mass;72126
SPINE, CERVICAL;CT C Spine wo Con;Trauma, Post-surgical Evaluation, Congenital Anomalies, Degenerative Disc Disease (DDD);72125
SPINE, CERVICAL;MR C Spine wo Con;Arm pain, Shoulder pain, Weakness, Degenerative Disease, Neck Pain, Disc Herniation, Radiculopathy, Neck pain, Numbness;72141
SPINE, CERVICAL;MR C Spine wo+w Con;Discitis, Osteomyelitis, Multiple Sclerosis, Myelopathy, Syrinx, Tumor, Mass, Cancer, Mets, AVM;72156
SPINE, CERVICAL;XR C Spine 2-3 Views;2-3 views;72040
SPINE, CERVICAL;XR C Spine 4-5 Views;4-5 views;72050
SPINE, CERVICAL;XR C Spine 6 or more Views;6 views or more;72052
SPINE, LUMBAR;CT L Spine w Con;Inflammatory Arthritis, Discitis Osteomyelitis, Epidural Abscess, Mass;72132
SPINE, LUMBAR;CT L Spine wo Con;Trauma, Fracture, Spondylolysis, Spondylolisthesis, Low Back Pain, Spinal Stenosis, Lumbar Radiculopathy, Tumor, Post-surgical Evaluation;72131
SPINE, LUMBAR;MR L Spine wo Con;Back Pain, Compression Fracture (No history malignancy mets), Degenerative Disease, Disc Herniation, Radiculopathy, Sciatica, Spondylolisthesis, Spinal Stenosis, Trauma, Vertebroplasty Planning (No Hx of malignancy);72148
SPINE, LUMBAR;MR L Spine wo+w Con;Compression Fracture (Hx History of cancer mets), Discitis, Osteomyelitis, Post-op Back Surgery (within 5 years), Tumor, Mass, Cancer, Mets, Vertebroplasty (Hx History of malignancy);72158
SPINE, LUMBOSACRAL;XR L Spine 2-3 Views;2-3 views;72100
SPINE, LUMBOSACRAL;XR L Spine 4-5 Views;4 views minimum;72110
SPINE, LUMBOSACRAL;XR L Spine 6+ Views w Bending;Complete, including bending and 6 views or more;72114
SPINE, LUMBOSACRAL;XR L Spine Bending Only 2-3 Views;Bending views only, 2-3 views;72120
SPINE, SCOLIOSIS;XR Scoliosis Spine 1 View;Entire thoracic, lumbar, cervical and sacral spine 1 view;72081
SPINE, SCOLIOSIS;XR Spine Entire 2-3 Views;Entire thoracic, lumbar, cervical and sacral spine 2 view;72082
SPINE, SCOLIOSIS;XR Spine Entire 4-5 views;Entire thoracic, lumbar, cervical and sacral spine 4 or 5 views;72083
SPINE, SCOLIOSIS;XR Spine Entire 6 + Views;Entire thoracic, lumbar, cervical and sacral spine Minimum 6 views;72084
SPINE, THORACIC, LUMBAR;XR Thoracolumbar 2 Views;2 views;72080
SPINE, THORACIC;CT T Spine w Con;Inflammatory Arthritis, Discitis Osteomyelitis, Epidural Abscess, Mass;72129
SPINE, THORACIC;CT T Spine wo Con;Trauma, Fracture, Back Pain, Spinal Stenosis, Tumor, Post-surgical Evaluation;72128
SPINE, THORACIC;MR T Spine wo Con;Back Pain, Compression Fracture, Degenerative Disease, Disc Herniation, Radiculopathy, Trauma, Vertebroplasty Planning;72146
SPINE, THORACIC;MR T Spine wo+w Con;Compression Fracture (Hx History of Cancer Mets), Discitis, Osteomyelitis, Multiple Sclerosis, Myelopathy, Syrinx, Tumor, Mass, Cancer, Vascular Lesions, AVM, Vertebroplasty Planning (Hx History Malignancy), Post-op Fusion;72157
SPINE, THORACIC;XR T Spine 2 Views;2 views;72070
SPINE, THORACIC;XR T Spine 3 Views;3 views;72072
SPINE, THORACIC;XR T Spine 4+ Views;4 views or more;72074
STERNOCLAVICULAR JOINTS;XR Sternoclavicular Jnts 3+ Views;Unilateral or bilateral, minimum 3 views;71130
STERNUM;XR Sternum 2+ Views;Minimum 2 views;71120
TEMPOROMANDIBULAR JOINT;XR TMJ Lt<br>XR TMJ Rt<br>XR TMJ Bil;;70328 Uni<br>70330 Bil
UPPER EXTREMITY;<u>Order specific body part</u>:<br>CT Hand w Con Lt<br>CT Hand w Con Rt<br>CT Wrist w Con Lt<br>CT Wrist w Con Rt<br>CT Forearm w Con Lt<br>CT Forearm w Con Rt<br>CT Elbow w Con Lt<br>CT Elbow w Con Rt<br>CT Humerus w Con Lt<br>CT Humerus w Con Rt<br>CT Shoulder w Con Lt<br>CT Shoulder w Con Rt;Infection, Tumor, Mass, Cancer, Mets;73201
UPPER EXTREMITY;<u>Order specific body part</u>:<br>CT Hand wo Con Lt<br>CT Hand wo Con Rt<br>CT Wrist wo Con Lt<br>CT Wrist wo Con Rt<br>CT Forearm wo Con Lt<br>CT Forearm wo Con Rt<br>CT Elbow wo Con Lt<br>CT Elbow wo Con Rt<br>CT Humerus wo Con Lt<br>CT Humerus wo Con Rt<br>CT Shoulder wo Con Lt<br>CT Shoulder wo Con Rt;Fracture, Fusion, Nonunion, Malunion;73200
UPPER EXTREMITY, INFANT;XR Upper Extrem Infant 2+ Views Lt<br>XR Upper Extrem Infant 2+ Views Rt;Infant, minimum 2 views;73092
UPPER EXTREMITY, JOINT;<u>Order specific body part</u>:<br>MR Scapula wo Con Lt<br>MR Scapula wo Con Rt<br>MR Shoulder wo Con Lt<br>MR Shoulder wo Con Rt<br>MR Elbow wo Con Lt<br>MR Elbow wo Con Rt<br>MR Wrist wo Con Lt<br>MR Wrist wo Con Rt;Arthritis, Fracture, Stress Fracture, Internal Derangement, Joint Pain (specify joint), Muscle Tear, Tendon Tear, Ligament Tear, Cartilage Tear;73221
UPPER EXTREMITY, JOINT;<u>Order specific body part</u>:<br>MR Scapula wo+w Con Lt<br>MR Scapula wo+w Con Rt<br>MR Shoulder wo+w Con Lt<br>MR Shoulder wo+w Con Rt<br>MR Elbow wo+w Con Lt<br>MR Elbow wo+w Con Rt<br>MR Wrist wo+w Con Lt<br>MR Wrist wo+w Con Rt;Abscess, Ulcer, Cellulitis, Fasciitis, Myositis, Inflammatory Arthritis, Septic Arthritis, Tumor, Mass, Cancer, Mets;73223
UPPER EXTREMITY;<u>Order specific body part</u>:<br>MR Hand wo con Lt<br>MR Hand wo Con Rt<br>MR Forearm wo Con Lt<br>MR Forearm wo Con Rt<br>MR Humerus wo Con Lt<br>MR Humerus wo Con Rt<br>MR Finger Digit wo Con Lt<br>MR Finger Digit wo Con Rt;Fracture, Stress Fracture, Muscle Tear, Tendon Tear;73218
UPPER EXTREMITY;<u>Order specific body part</u>:<br>MR Hand wo+w con Lt<br>MR Hand wo+w Con Rt<br>MR Forearm wo+w Con Lt<br>MR Forearm wo+w Con Rt<br>MR Humerus wo+w Con Lt<br>MR Humerus wo+w Con Rt<br>MR Finger Digit wo+w Con Lt<br>MR Finger Digit wo+w Con Rt;Abscess, Ulcer, Bone Tumor, Mass, Cancer, Mets, Cellulitis, Fasciitis, Myositis, Osteomyelitis, Soft Tissue Tumor, Mass;73220
UPPER EXTREMITY;CT Angio Upper Extrem w Con Bil<br>CT Angio Upper Extrem w Con Lt<br>CT Angio Upper Extrem w Con Rt;Trauma, Pseudoaneurysm, Vascular Malformation;73206
UPPER EXTREMITY;CT Angio Upper Extrem wo+w Con Lt<br>CT Angio Upper Extrem wo+w Con Rt;Thoracic Outlet Syndrome, Paget-Schroetter Disease, Subclavian Stenosis;75898 Lt<br>76937 Rt
UPPER EXTREMITY;MR Angio Upper Extrem wo+w Con Lt<br>MR Angio Upper Extrem wo+w Con Rt;Hypothenar Hammer Syndrome, Subclavian AVM (arteriovenous malformation);73225
UPPER EXTREMITY;XR Elbow 2 Views Bil<br>XR Elbow 2 Views Lt<br>XR Elbow 2 Views Rt;2 views;73070
UPPER EXTREMITY;XR Elbow 3+ Views Bil<br>XR Elbow 3+ Views Lt<br>XR Elbow 3+ Views Rt;Complete, 3 views or more;73080
UPPER EXTREMITY;XR Finger 2+ Views Lt<br>XR Finger 2+ Views Rt;Minimum 2 views;73140
UPPER EXTREMITY;XR Forearm 2 Views Bil<br>XR Forearm 2 Views Lt<br>XR Forearm 2 Views Rt;2 views;73090
UPPER EXTREMITY;XR Hand 2 Views Bil<br>XR Hand 2 Views Lt<br>XR Hand 2 Views Rt;2 views;73120
UPPER EXTREMITY;XR Hand 3+ Views Bil<br>XR Hand 3+ Views Lt<br>XR Hand 3+ Views Rt;3 views or more;73130
UPPER EXTREMITY;XR Humerus 2+ Views Bil<br>XR Humerus 2+ Views Lt<br>XR Humerus 2+ Views Rt;Minimum 2 views;73060
UPPER EXTREMITY;XR Wrist 2 Views Bil<br>XR Wrist 2 Views Lt<br>XR Wrist 2 Views Rt;2 views;73100
UPPER EXTREMITY;XR Wrist 3+ Views Bil<br>XR Wrist 3+ Views Lt<br>XR Wrist 3+ Views Rt;3 views or more;73110
UPPER EXTREMITY, VASCULAR;US Vasc Dplx Ven Upp Ext Bil<br>US Vasc Dplx Ven Upp Ext Lt<br>US Vasc Dplx Ven Upp Ext Rt;DVT, Arm Swelling, Pulmonary Embolism, Elevated D-Dimer;93970 Bil<br>93971 Uni
