"sep=;";;;;;
Protocol;Anatomy;Procedure (Order As);Clinical Indications;Durations;Prep
<a href='https://drive.google.com/file/d/11arpYwKj2OLMv8Ke7-Nk4lXenHQ5aT0Y/view' target='_blank'>DHAI US 100 AORTA SCREEN</a>;ABDOMEN;US AAA Screening;Screening Study, No known AAA prior to exam, Aorta evaluation;30 min;FASTED
<a href='https://drive.google.com/file/d/1VDQ2NkgsA14SavpFsYjowIB4pRZTEd56/view' target='_blank'>DHAI US 101 ABD COMP</a>;ABDOMEN;US Abdomen Complete;Abdominal, flank and/or back pain, Gallbladder, Abnormal Labs, Mass, Hepatitis, Cirrhosis, Splenomegaly, Ascites, Fever and Infection, Unexplained weight loss, Abdominal trauma, suspected congenital abnormalities, Pretransplant, Planning for and guiding an invasive procedure;30 min;FASTED
<a href='https://drive.google.com/file/d/1A_G-cgxoAFkBq63czpBD-wyP0uzTuZKB/view' target='_blank'>DHAI US 102 ABD RETRO COMBO</a>;ABDOMEN;TBA;This protocol applies to same-day Abdomen and Retroperitoneal studies;TBA;FASTED w/ WATER PREP
<a href='https://drive.google.com/file/d/1g3G3vEBkHU8RLB8Zi4giXwzUvCzMe2vj/view' target='_blank'>DHAI US 103 ABD COMP ELASTO</a>;ABDOMEN;US Abdomen Comp w Liver Elast;Liver Disease, Liver Fibrosis, Cirrhosis;45 min;FASTED
<a href='https://drive.google.com/file/d/1V9T64gxzN_MpuJY6MWrlHyLg3xSXBmlB/view' target='_blank'>DHAI US 104 ABD LTD ELASTO</a>;ABDOMEN;US Abdomen Ltd w Liver Elast;Liver Disease, Liver Fibrosis, Cirrhosis;45 min;FASTED
<a href='https://drive.google.com/file/d/1OGD9VLDck0ZZUXvCLzhc5E68DKQdVtbn/view' target='_blank'>DHAI US 105 ABD RUQ</a>;ABDOMEN;US Abdomen Limited;Abdominal, flank and/or back pain, Gallbladder, Abnormal Labs, Mass, Hepatitis, Cirrhosis, Ascites, Fever and Infection, Unexplained weight loss, Abdominal trauma, suspected congenital abnormalities, Pretransplant, Planning for and guiding an invasive procedure;30 min;FASTED
<a href='https://drive.google.com/file/d/10gWyltlezQ9oLA2W5xw6jNkxGI0piJPt/view' target='_blank'>DHAI US 106 ABD GB</a>;ABDOMEN;US Abdomen Limited;Reassess Gallbladder, Bile Ducts, follow up polyp;30 min;FASTED
<a href='https://drive.google.com/file/d/1xIFdRrWej4G_I3DiiDXvbZX2jLYLQCp-/view' target='_blank'>DHAI US 107 ABD WALL</a>;ABDOMEN;US Abdomen Limited;Possible inguinal/Groin Hernia, Mass, Pain, or Lymphadenopathy;30 min;NO PREP
<a href='https://drive.google.com/file/d/1QXFKOM_4G1pE2nSAicB6tNiI7Dk74cSJ/view' target='_blank'>DHAI US 108 ABD RLQ/APPENDIX</a>;ABDOMEN;US Abdomen Limited;RLQ Pain, Suspected Appendicitis;30 min;FASTED PREFERRED
<a href='https://drive.google.com/file/d/1B4-mb-G6Ord6ZntZBXH7oLN32bJoliA8/view' target='_blank'>DHAI US 109 ABD LUQ</a>;ABDOMEN;US Abdomen Limited;LUQ Pain, Splenomegaly, Left Flank Pain;30 min;
<a href='https://drive.google.com/file/d/1VfSQyZh77i1lvDk9gIkraX-uZV2SidwV/view' target='_blank'>DHAI US 110 ASCITES</a>;ABDOMEN;US Abdomen Limited;Suspected Ascites;30 min;
<a href='https://drive.google.com/file/d/1XmZVGe5MuO5Y2PF1FNJo6R2HYBGFjykM/view' target='_blank'>DHAI US 120 RETRO COMP</a>;ABDOMEN RETROPERITONEUM;US Retroperitoneal Complete;Renal Mass, UTI, Insufficiency/Failure, Colic/Flank Pain, Bladder Mass, Hematuria, Cystitis, PVR, Kidney Stones, Abnormal labs / Urinalysis, Hematuria;30 min;WATER PREP
<a href='https://drive.google.com/file/d/1T2PoO4XqGaMkbWVibh3oq3Gxx4vKNsZT/view' target='_blank'>DHAI US 121 RETRO LTD</a>;ABDOMEN RETROPERITONEUM;US Retroperitoneal Ltd;Renal Mass, UTI, Insufficiency/Failure, Colic/Flank Pain, Bladder Mass, Hematuria, Cystitis, PVR, Kidney Stones, Abnormal labs / Urinalysis, Hematuria;30 min;WATER PREP
<a href='https://drive.google.com/file/d/134-qB8xQriP9z-nrnToFAnSRxKmOI2go/view' target='_blank'>DHAI US 122 BLADDER</a>;RETROPERITONEUM;US Retroperitoneal Ltd;Bladder Mass, Hematuria, Cystitis, PVR;30 min;WATER PREP
<a href='https://drive.google.com/file/d/17VUj5DiH_hBKHNpVAkeusGK4esgqdFcN/view' target='_blank'>DHAI US 123 AORTA F/U</a>;ABDOMEN RETROPERITONEUM;US Retroperitoneal Ltd;Known AAA, follow up AAA, Suspected AAA;30 min;FASTED
<a href='https://drive.google.com/file/d/1WbFAhaHJXuLht5lJDYpN8_D9zYLpbRVH/view' target='_blank'>DHAI US 200 PELVIS FEMALE TA</a>;PELVIS;US Pelvic Non OB;Pelvic pain, mass, dyspareunia, endocrine issues (e.g., PCOS), dysmenorrhea, amenorrhea, delayed menses, infertility, limited pelvic exam, signs of infection, follow-up of prior abnormality, malignancy surveillance in high-risk patients, incontinence or prolapse, guidance for procedures, and pre/post-operative evaluation. Patients with contraindication to transvaginal ultrasound.;30 min;WATER PREP
<a href='https://drive.google.com/file/d/1Z1HBbMSy6mu60EOyi5u2eTQfeBChiTvT/view' target='_blank'>DHAI US 201 PELVIS FEMALE TA/TV</a>;PELVIS;US Pelvic Non OB w Trans Vag;Pelvic pain, mass, dyspareunia, endocrine issues (e.g., PCOS), dysmenorrhea, amenorrhea, AUB, post-menopausal bleeding, delayed menses, infertility, limited pelvic exam, signs of infection, follow-up of prior abnormality, IUD localization, malignancy surveillance in high-risk patients, incontinence or prolapse, guidance for procedures, and pre/post-operative evaluation. Patients without contraindication to transvaginal imaging;45 min;WATER PREP
<a href='https://drive.google.com/file/d/1koJtHTABwSzUeiO3YiBJq9Eg-vXcSgkY/view' target='_blank'>DHAI US 202 PELVIS FOLLICLE</a>;PELVIS;US Pelvic Non OB w Trans Vag;Used during fertility treatments to assess ovarian follicles;45 min;WATER PREP
<a href='https://drive.google.com/file/d/14kBnWjOsCDDbGck0zNNYHUE6YS8otrBx/view' target='_blank'>DHAI US 203 PELVIS SONOHYSTERO</a>;PELVIS;US Sonohysterogram;Abnormal uterine bleeding, Uterine cavity evaluation especially relating to uterine leiomyomas, polyps, synechiae, and cesarean scar niches, Abnormalities detected on transvaginal sonography, including focal or diffuse endometrial or intracavitary abnormalities, Congenital or acquired abnormalities of the uterus, Infertility, Recurrent pregnancy loss, Fallopian tube evaluation is not included in this exam.;60 min;WATER PREP
<a href='https://drive.google.com/file/d/1qhqim9eGzz8mn5EZveidtH0IL6zNB2Sx/view' target='_blank'>DHAI US 204 PELVIS MALE</a>;PELVIS;US Pelvic Non OB;Pelvic Pain, Bladder, Prostate, Pelvic Pathology;45 min;WATER PREP
<a href='https://drive.google.com/file/d/11U8ZjwbSutgu5L6KRwgyq85HOPd9xrkm/view' target='_blank'>DHAI US 205 PENILE</a>;PENIS;US Pelvic Non OB Ltd or Follow Up;Limited to: Suspected Peyronie's Disease, painful penile thickening/scar sometimes with deformity (bend or shortening);30 min;NO PREP
<a href='https://drive.google.com/file/d/1vUqc6-QAxo65DBbZ3wBqEIV__QVghrDG/view' target='_blank'>DHAI US 300 OB EARLY</a>;OB <14 WEEKS / FIRST TRIMESTER;US Preg <14 Wks/Transvag;Viability/Dating, Bleeding/Pain, Ectopic Pregnancy;45 min;WATER PREP
<a href='https://drive.google.com/file/d/11RQYq3cp8G1GymcMqm7jWYIFnMtbUPH5/view' target='_blank'>DHAI US 301 OB NT</a>;OB <14 WEEKS / FIRST TRIMESTER NUCHAL TRANSLUCENCY (NT);US Preg Nuchal Transl 1st;Nuchal Translucency (NT) Evaluation. This exam is to be performed between a Fetal Age of 11 weeks and 13 weeks 6 days.;60 min;WATER PREP
<a href='https://drive.google.com/file/d/1zg1vZFb6dG2LylcUU3UfBp0mIS5VY-jq/view' target='_blank'>DHAI US 302 OB ANATOMY</a>;OB >18 WEEKS ANATOMY;US Preg =>14 Wks Sngl or 1st Gest;At least 18 weeks gestation, OB scan for: Fetal Anatomic Survey (FAS);60 min;WATER PREP
<a href='https://drive.google.com/file/d/1dvRVFJ_0i0HD8PPRD3Qd_sMlJkKOj4Yf/view' target='_blank'>DHAI US 303 OB MULTI GEST</a>;OB MULTIPLE GESTATIONS / TWINS;US Preg =>14 Wks Sngl/1st Gest Mult or US Preg <14 Wks/Transvag;At least 18 weeks gestation, OB scan for: Fetal Anatomic Survey (FAS) for multiple gestations;90 min;WATER PREP
<a href='https://drive.google.com/file/d/1J192Cr9OmeoPnS_rGeT4kSth0eYig9wN/view' target='_blank'>DHAI US 304 OB F/U LTD<br>(follow up/limited)</a>;OB SECOND OR THIRD TRIMESTER FOLLOW-UP;US Preg 1 or > Fetuses Ltd or<br>US Preg Follow Up per Gest;Fetal heart rate, placental location, fetal position, qualitative amniotic fluid volume (AFI), estimated fetal weight, interval growth, organ re-evaluation (prior scan), and size vs. dating discrepancy. Additional views needed after three weeks from prior scan.<br>US Preg 1 or > Fetuses Ltd = No Prior Available<br>US Preg Follow Up per Gest = Prior Available for comparison;45 min;WATER PREP
<a href='https://drive.google.com/file/d/1bMwn1BhmuhyZNoodGPP4wN2dwEqYiEWh/view' target='_blank'>DHAI US 400 VASC DVT UPPER</a>;UPPER EXTREMITY;US Vasc Dplx Ven Upp Ext Bilat<br>US Vasc Dplx Ven Upp Ext Lt<br>US Vasc Dplx Ven Upp Ext Rt;DVT, Arm Swelling, Pain, Pulmonary Embolism, Elevated D-Dimer;60 min BIL<br>45 min UNI;NO PREP
<a href='https://drive.google.com/file/d/1s9JqxZgWfyCmWHx-HYr8XaBOSPNaWLQh/view' target='_blank'>DHAI US 401 VASC DVT LOWER</a>;LOWER EXTREMITY;US Vasc Dplx Ven Low Ext Bilat<br>US Vasc Dplx Ven Low Ext Lt<br>US Vasc Dplx Ven Low Ext Rt;DVT, Leg Swelling/Edema, Pain, Pulmonary Embolism, Elevated D-Dimer;45 min BIL<br>30 min UNI;NO PREP
<a href='https://drive.google.com/open?id=1DamZojV6r58vsrx6jp5eXt_4zA7ytLLX' target='_blank'>DHAI US 402 VASC VEN INSUFF</a>;LOWER EXTREMITY;US Vasc Dplx Ven Low Ext Bil Insuff<br>US Vasc Dplx Ven Low Ext Lt Insuff<br>US Vasc Dplx Ven Low Ext Rt Insuff;Venous Insufficiency, Varicose Veins, Chronic Leg Pain, Leg Swelling with no suspicion of DVT indicated on order;90 min UNI/BIL;NO PREP
<a href='https://drive.google.com/file/d/1TlqvLRxIDRLu65ZwiYi0C-n6RVlfM2Mc/view' target='_blank'>DHAI US 403 VASC CAROTID</a>;BILATERAL CAROTID ARTERIES;US Vasc Dplx Extracran Art Bilat Comp;Carotid Stenosis, Dizziness, TIA, Stroke or CVA, Amaurosis Fugax, Carotid Bruit, Atherosclerosis, Syncope;45 min;NO PREP
<a href='https://drive.google.com/file/d/1ysrnWOBEeDhWKTuhmCAHa0ffJBirOBoF/view' target='_blank'>DHAI US 404 VASC RAS</a>;ABDOMINAL DOPPLER / DUPLEX - RENAL ARTERIES;US Vasc Dplx Ab/Pel/Ret Comp;Renovascular Hypertension, Renal Artery Stenosis, Hypertension;60 min;FASTED
<a href='https://drive.google.com/file/d/1trdDWU4lcSs_rGBIW_dQPIaTAF0-unmU/view' target='_blank'>DHAI US 405 VASC TIPS</a>;ABDOMINAL DOPPLER / DUPLEX - TIPS;US Vasc Dplx Ab/Pel/Ret Comp;Transjugular Intrahepatic Portosystemic Shunt (TIPS);60 min;FASTED
<a href='https://drive.google.com/file/d/1LtUR0FSIfDwbiyLC74bYYs-ZYZmQoSpD/view' target='_blank'>DHAI US 406 VASC TRANSPLANT/DUPLEX LIVER</a>;ABDOMINAL DOPPLER / DUPLEX - LIVER;US Vasc Dplx Ab/Pel/Ret Comp;Liver Transplant, Liver Disease, vascular evaluation;60 min;FASTED
<a href='https://drive.google.com/file/d/1RmzjUJWfXBIvcGnRbtRIfKsUh9EFPZZi/view' target='_blank'>DHAI US 407 VASC TRANSPLANT KIDNEY</a>;ABDOMINAL DOPPLER / DUPLEX - TRANSPLANT KIDNEY;US Vasc Dplx Ab/Pel/Ret Comp;Kidney Transplant vascular evaluation;60 min;NO PREP
<a href='https://drive.google.com/file/d/1UJeCuJQCfYoOHuvf0yRhPCsjvUJGseoW/view' target='_blank'>DHAI US 408 VASC PSEUDOANEURYSM</a>;LOWER EXTREMITY COMMON FEMORAL ARTERY AND VEIN;Vasc Pseudoaneurysm Low Ext Lt<br>Vasc Pseudoaneurysm Low Ext Rt;Palp/pain after arterial puncture or trauma;45 min;NO PREP
<a href='https://drive.google.com/file/d/1VLfvkMynJt_6GIxQLIgCBnpbCMotSast/view' target='_blank'>DHAI US 409 VASC INJECTION</a>;;US Inj Sclerosing Sol Multi Inj Same Vn;;;
<a href='https://drive.google.com/file/d/198gh9uuuoTayvMHFcp3idocFZj8TG_BM/view' target='_blank'>DHAI US 500 SCROTUM</a>;SCROTUM, TESTICLES;US Scrotum;Pain, masses, asymmetry, swelling, suspected scrotal hernia, varicoceles, male infertility, localizing nonpalpable or inguinal testes, detecting occult primary tumors (in patients with metastatic germ cell tumor or unexplained retroperitoneal adenopathy), follow-up for prior testicular neoplasms, leukemia/lymphoma, disorders of sexual development;30 min;NO PREP
<a href='https://drive.google.com/file/d/1UKO89Sdld0Z9LNV1IW5tgAD_hsBMDsLV/view' target='_blank'>DHAI US 501 THYROID</a>;NECK / THYROID;US Soft Tissue Head+Neck;Thyroid and Parathyroid conditions: Nodule, Cyst, Mass, Enlargement/Thyromegaly, Hyperparathyroidism, Disorder, Abnormal Function Tests, Thyroiditis, Hyper/Hypothyroidism, Neck Swelling;30 min;NO PREP
<a href='https://drive.google.com/file/d/16e_JQZGG1GksRUOJpTxwdaue-H5nXYsQ/view' target='_blank'>DHAI US 502 THYROIDECTOMY</a>;THYROID BED / FOSSA, NECK;US Soft Tissue Head+Neck;History of thyroidectomy;30 min;NO PREP
<a href='https://drive.google.com/file/d/1tfcH5GErdK5UApIVwPs9g4NQeTBgJRjH/view' target='_blank'>DHAI US 520 SOFT TISSUE HEAD/NECK</a>;NECK, HEAD;US Soft Tissue Head+Neck;Head/Neck lump, focal lymphadenopathy, or head/neck soft tissue mass.;30 min;NO PREP
<a href='https://drive.google.com/file/d/1OZvCGweMHTs3YDM_9LIsI22Xmb7abuTZ/view' target='_blank'>DHAI US 521 SOFT TISSUE BACK/CHEST</a>;UPPER BACK, LOWER BACK, CHEST;US Upper Back Soft Tissue<br>US Lower Back Soft Tissue;Chest, upper OR lower back soft tissue mass/lump.;30 min;NO PREP
<a href='https://drive.google.com/file/d/1U4jBkMgyLzY-_9bf5RCqKZpZ5F8auert/view' target='_blank'>DHAI US 522 SOFT TISSUE EXT</a>;UPPER EXTREMITY, LOWER EXTREMITY;US Extrem Non Vasc Ltd Bil<br>US Extrem Non Vasc Ltd Lt<br>US Extrem Non Vasc Ltd Rt;Palpable Lump (Mass) on Upper or Lower Extremity;30 min;NO PREP
<a href='https://drive.google.com/file/d/1ciIkRhxayNyS7d7w5Sop-lB-2kB7eSs7/view' target='_blank'>DHAI US 600 PED SPINE</a>;INFANT SPINE;US Spinal Canal+Content;Infant spinal abnormalities: sacral dimples, hair tufts, or skin tags<br>Pt Scanned from 0-6 months;60 min;NO PREP
<a href='https://drive.google.com/file/d/1f5l-iJICuj7i6tOrsbyaEmGiuX1u1jC3/view' target='_blank'>DHAI US 601 PED HIP</a>;INFANT HIPS;US Hips Infant Dynamic;Clicking hip, asymmetrical creases, family history of congenital hip dysplasia/dislocation, breech, oligohydramnios, limited abduction, foot deformities<br>Pt scanned 4 weeks-6 months from birthdate;60 min;NO PREP
<a href='https://drive.google.com/file/d/1dfjswEMVp5N7ACu1fkV3N2GzWXrZDll2/view' target='_blank'>DHAI US 602 PED BRAIN</a>;INFANT BRAIN;US Encephalogram;Abnormal head circumference, Macrocephaly<br>Pt Scanned from 0 to <8 months;45 min;NO PREP
<a href='https://drive.google.com/file/d/1eU6xMS3H1AfCW2K0XDN0gB15LEstlJ9Y/view' target='_blank'>DHAI US 603 PED PYLORIC</a>;INFANT PYLORUS;US Abdomen Limited;Poor Weight Gain, Vomiting, Pyloric Stenosis<br>Pt Scanned from 0 to <6 months;30 min;2 HR FAST PREFERRED
<a href='https://drive.google.com/file/d/1Zr48F5HDAokBN_YSZN0COqe84CI98bJc/view' target='_blank'>DHAI US 700 BR LTD</a>;BREAST, AXILLA;US Breast Ltd Bil - MRS<br>US Breast Ltd Lt - MRS<br>US Breast Ltd Rt - MRS;Symptomatic: Lump, Pain, or Screening Callback;20 min;NO PREP
<a href='https://drive.google.com/file/d/1_nBiMDjtw8lnJ9aN8AErEVB8IRbPDZ04/view' target='_blank'>DHAI US 701 BR COMP</a>;BREAST, AXILLA;US Breast Complete Bil - MRS<br>US Breast Complete Lt - MRS<br>US Breast Complete Rt - MRS;Symptomatic: Lump, Pain, or Screening Callback. Concern within 3 or more quadrants of the breast and the axilla area;20 min;NO PREP
<a href='https://drive.google.com/file/d/1IfMqJPdeCDwC9mteuv1V4AYachoueoiw/view' target='_blank'>DHAI US 702 BR ABUS</a>;BILATERAL BREAST;US Screening Auto Whole Breast Bil - MRS<br>US Screening Auto Whole Breast Lt - MRS<br>US Screening Auto Whole Breast Rt - MRS;Screening, asymptomatic;30 min;NO PREP
<a href='https://drive.google.com/file/d/1KVC4vHqSNAEQZWZlLVhV-Y-onTv_J6Su/view' target='_blank'>DHAI US 703 BR BX</a>;BREAST;US Bx Breast 1st Lesion Lt - MRS<br>US Bx Breast 1st Lesion Rt - MRS;The request must clearly state the procedure and justify the use of ultrasound guidance. It also needs enough information—such as known/provisional diagnoses, relevant history, signs, symptoms, and/or complementary imaging results—to document medical necessity and allow proper performance.;60 min;NO PREP
<a href='https://drive.google.com/file/d/1EPvxdndZFkBq0R2QjLYrkFQNo2dhfQ7G/view' target='_blank'>DHAI US 704 BR ASP</a>;BREAST;US Aspiration Cyst Breast 1st - MRS;The request must clearly state the procedure and justify the use of ultrasound guidance. It also needs enough information—such as known/provisional diagnoses, relevant history, signs, symptoms, and/or complementary imaging results—to document medical necessity and allow proper performance.;60 min;NO PREP
<a href='https://drive.google.com/file/d/1M81HMGLEJrhcYYGXEi92gN-Rcoex_Arv/view' target='_blank'>DHAI US 705 BR SURG MARKER</a>;BREAST;US Plc Breast Localization Lt - MRS<br>US Plc Breast Localization Rt - MRS;Ultrasound-Guided Marker Placement for Breast Surgery;60 min;NO PREP
<a href='https://drive.google.com/file/d/1xQGje7BoV2sxu10hDDw9a-nZ9CJj9C4V/view' target='_blank'>DHAI US 706 BR AX LN BX</a>;AXILLA;US Bx Lymph Node Super - MRS;Biopsy of Axillary Lymph Node. The request must clearly state the procedure and justify the use of ultrasound guidance. It also needs enough information—such as known/provisional diagnoses, relevant history, signs, symptoms, and/or complementary imaging results—to document medical necessity and allow proper performance.;60 min;NO PREP
<a href='https://drive.google.com/file/d/1FgtQ2qsR3Xwg8qJyTe4l4Pss7aGiJjzA/view' target='_blank'>DHAI US 707 AXILLA</a>;AXILLA;-Female<br>US Breast Ltd Bil - MRS<br>US Breast Ltd Lt - MRS<br>US Breast Ltd Rt - MRS<br><br>-Male w/only axilla indication<br>US Extrem Non Vasc Ltd Bil<br>US Extrem Non Vasc Ltd Lt<br>US Extrem Non Vasc Ltd Rt;Symptomatic: Lump, Pain;20 min/30 min;NO PREP
<a href='https://drive.google.com/file/d/1_dagCM1F20etE1SVRYa6kSWKADPR07rc/view' target='_blank'>DHAI US 800 MSK GENERAL</a>;TENDONS, MUSCLES, LIGAMENTS, NERVES;US Extrem Non Vasc Comp Lt<br>US Extrem Non Vasc Comp Rt;Evaluation of tendons (tears, tendonitis, including shoulder rotator cuff), muscle tears, ligaments, nerves (if carpal tunnel see dedicated protocol), Evaluation of mass/fluid collection if there is concern for muscle tear/strain;60 min;NO PREP
<a href='https://drive.google.com/file/d/1Ly-3-J2V2ce4tYeTxUm0NFGZHfQakqLY/view' target='_blank'>DHAI US 801 MSK ACHILLES</a>;TENDONS, MUSCLES, LIGAMENTS, NERVES;US Extrem Non Vasc Comp Lt<br>US Extrem Non Vasc Comp Rt;Evaluation of tendons and tears;60 min;NO PREP
<a href='https://drive.google.com/file/d/18YCM5lrS_oinwqQsZ96U78gtDbxYW6bZ/view' target='_blank'>DHAI US 802 MSK CARPAL/MEDIAN NERVE</a>;MEDIAN NERVE;US Extrem Non Vasc Comp Lt<br>US Extrem Non Vasc Comp Rt;Evaluation of Median Nerve<br>Carpal Tunnel Exam;60 min;NO PREP
<a href='https://drive.google.com/file/d/1CziuXeXLQ9Uc6Un9rMw5_R3-nuUXQrMe/view' target='_blank'>DHAI US 803 MSK JOINT INJ</a>;VARIES;US Guided Ndl Plc Bx/Asp/Inj;Pain, for aspiration - infection, for barbotage - pain, per physician request;60 min;NO PREP
